"component","correlation","p_value"
"Comp1",-0.638165785354927,2.89790944765382e-14
"Comp2",-0.335265285332683,0.000283490213270037
