component,n,r,p_value
Comp1,113,0.6337971664471665,4.896107426264881e-14
Comp2,113,0.32116660821824106,5.234729564531944e-4
