outcome,component,n,r,p_value
D30/0 IgG,trajectory PC2,70,-0.05775897628373776,0.6348283779489662
D7/0 CXCR3+ Tfh,trajectory PC2,34,0.11973292976883416,0.5000089799764214
