component,n,r,p_value
Comp1,70,0.6345427197816094,3.670900846582967e-9
Comp2,70,0.5084133549813838,7.009139996249404e-6
