outcome,cv_n,cv_r,cv_r2,cv_rmse
IgG_D30_0,70,-0.1733930644282394,-0.47112646117029633,1.1449953536535455
