component,n,r,p_value
Comp1,34,0.701385290280835,3.821869430857286e-6
Comp2,34,0.5679431553065375,4.5906619184960565e-4
