outcome,cv_n,cv_r,cv_r2,cv_rmse
TFH_CXCR3pos_D7_0,34,-0.1059768119879438,-0.4006307675745284,4.080090887273218
